{
  "n": 136,
  "n_pos": 90,
  "n_neg": 46,
  "auroc": 0.5330917874396135,
  "accuracy": 0.6617647058823529,
  "balanced_accuracy": 0.5,
  "precision": 0.6617647058823529,
  "recall": 1.0,
  "f1": 0.7964601769911505,
  "confusion_matrix": [
    [
      0,
      46
    ],
    [
      0,
      90
    ]
  ]
}