theta_alpha_ratio,pdr_hz,iaf_hz,slowing_ratio,posterior_coherence,global_coherence,pli_alpha,frontal_posterior_asym,perm_entropy,lz_complexity,delta_power,theta_power,alpha_power,beta_power,gamma_power,subject,group,n_segments,duration_s,sfreq
1.6859356930973155,7.25,9.0823023900523,2.0632682011738477,0.4917706273642047,0.3608903869119852,0.10552631578947369,5.54192418213097,0.9670465802661724,0.9045719679299341,0.4442036118955502,0.20899901881630195,0.12396618665250132,0.19262020300743954,0.06684768631136566,17,AD,23,12.0,100.0
2.239512459845936,7.25,8.575380230028923,2.3729459616696045,0.4778887624430247,0.3352644665075141,0.10916179337231967,1.6504029751414457,0.9516329178226546,0.881445861457291,0.3961099899931861,0.3064596493168907,0.13684212738683918,0.15923273089327772,0.045425413520736056,18,AD,23,12.0,100.0
2.009142476791879,6.25,9.26720210920532,3.2520826163181225,0.4572676204711431,0.3084414434994495,0.09650097465886939,3.3675773428179645,0.9550679285512162,0.8651438519765756,0.5518306341766535,0.20661545619590563,0.10283763276152123,0.13038094740726588,0.04062792982258296,20,AD,23,12.0,100.0
2.3229601420084793,4.75,9.71558385712474,3.142792119866867,0.6484365665735637,0.3953021876054365,0.0991578947368421,1.1691069926315407,0.9380588784480808,0.7625928388478885,0.471450200972577,0.29343027879881345,0.1263173971391453,0.11705869984580224,0.03744862264640664,21,AD,19,10.0,100.0
2.7000810257044567,5.0,9.206046298836025,3.3383188321886044,0.5307709022709044,0.31945775844583196,0.13680033416875523,1.453566973844122,0.9540306763352903,0.7840129210725496,0.46441198415561963,0.2971081744490295,0.11003676245930925,0.1180781051976118,0.048937432952822615,22,AD,27,14.0,100.0
2.831940388159962,5.0,9.270394450527984,2.665633751543137,0.5004062004645928,0.3755185808446526,0.09433918128654972,1.0918151004448957,0.9576402606741542,0.8427759785030358,0.3851812224492562,0.3285157165761303,0.11600375415626234,0.15173630526096302,0.05801257639040956,23,AD,19,10.0,100.0
2.9503273702131523,5.75,8.88018115942616,3.4239873078664322,0.5064141515345824,0.35104947021465754,0.12097076023391813,0.886908638625594,0.9534595461672597,0.799556697554162,0.46259321326514713,0.2971254828758922,0.1007093266573585,0.12117195613600973,0.04797617244114559,24,AD,19,10.0,100.0
