{
  "pdr_hz_mean": 9.475,
  "pdr_hz_std": 2.617913715580065,
  "iaf_hz_mean": 9.715283318701148,
  "iaf_hz_std": 0.4318038978017193,
  "delta_power_mean": 0.33841387708518605,
  "delta_power_std": 0.07153429165498625,
  "theta_power_mean": 0.11792763734085669,
  "theta_power_std": 0.041816900582057885,
  "alpha_power_mean": 0.23902594949640427,
  "alpha_power_std": 0.1422673623925625,
  "beta_power_mean": 0.24113821699058544,
  "beta_power_std": 0.08366444862332904,
  "slowing_ratio_mean": 1.0341068089967522,
  "slowing_ratio_std": 0.424403655031785,
  "theta_alpha_ratio_mean": 0.6430876589072894,
  "theta_alpha_ratio_std": 0.358463043672559,
  "posterior_coherence_mean": 0.17733369493284623,
  "posterior_coherence_std": 0.06374850143256015,
  "global_coherence_mean": 0.24369551921308447,
  "global_coherence_std": 0.09849986887472448,
  "pli_alpha_mean": 0.0821528858069374,
  "pli_alpha_std": 0.05849677650213188,
  "frontal_posterior_asym_mean": 0.775506125655982,
  "frontal_posterior_asym_std": 0.2867217985080675,
  "perm_entropy_mean": 0.9500168514817184,
  "perm_entropy_std": 0.028475511136266517,
  "lz_complexity_mean": 0.28077845378403654,
  "lz_complexity_std": 0.04920367167393703
}