{
  "n": 136,
  "n_pos": 90,
  "n_neg": 46,
  "auroc": 0.46714975845410633,
  "accuracy": 0.3382352941176471,
  "balanced_accuracy": 0.4681159420289855,
  "precision": 0.5,
  "recall": 0.06666666666666667,
  "f1": 0.11764705882352941,
  "confusion_matrix": [
    [
      40,
      6
    ],
    [
      84,
      6
    ]
  ]
}